"client_id","clean_first_name","clean_last_name","clean_email","clean_formatted_phone"
1,"Nash","Rust","nashrust@yahoo.com","615-973-1982"
2,"Yared","Butner","yaredbutner@yahoo.com","615-973-1983"
3,"Zelalem","Mekonnen","zelalemmekonnen@client.com","615-973-1986"
4,"Bethlehem","Missing","bethlehem@client.com","615-973-1988"
5,"Michael","Jones","michaeljones@client.com","615-973-1989"
6,"Michael","Marty","michaelmarty@clients.com","615-973-1990"
7,"Asfaw","Putty","asfawputty@client.com","615-973-1991"
8,"John","Smith","johnsmith@client.com","615-973-2001"
9,"Jane","Smith","janesmith@client.com","615-973-2002"
10,"Michael","Johnson","michaeljohnson@client.com","615-973-2003"
11,"Emily","Davis","emilydavis@client.com","615-973-2004"
12,"Chris","Brown","chrisbrown@client.com","615-973-2005"
13,"Ashley","Miller","ashleymiller@client.com","615-973-2006"
14,"Daniel","Wilson","danielwilson@client.com","615-973-2007"
15,"Jessica","Moore","jessicamoore@client.com","615-973-2008"
16,"Matthew","Taylor","matthewtaylor@client.com","615-973-2009"
17,"Amanda","Anderson","amandaanderson@client.com","615-973-2010"
18,"David","Thomas","davidthomas@client.com","615-973-2011"
19,"Sarah","Jackson","sarahjackson@client.com","615-973-2012"
20,"James","White","jameswhite@client.com","615-973-2013"
21,"Linda","Harris","lindaharris@client.com","615-973-2014"
22,"Robert","Martin","robertmartin@client.com","615-973-2015"
23,"John","Smith","johnsmith@client.com","615-973-2001"
24,"John","Smith","johnsmith@client.com","615-973-2001"
25,"Daniel","Thomas","danielthomasclient.com","615-973-2016"
26,"Karen","Taylor","karentaylor@client","615-973-2017"
27,"Steven","Moore","steve moore@client.com","INVALID"
28,"Donna","Jackson","donnajackson@client.com","INVALID"
29," Mark","White "," markwhite@client.com ","615-973-2018"
30,"Nancy","Harris","nancyharris@client.com","615-973-2019"
31,"Betty","Missing","betty@client.com","615-973-2020"
32,"Missing","Clark","clark@client.com","615-973-2021"
33,"George","Lewis","Missing","615-973-2022"
34,"Helen","Lee","helenlee@client.com","INVALID"
35,"Edward","Walker","edwardwalker@client.com","615-973-2023"
36,"Susan","Hall","susanhall@client.com","615-973-2024"
37,"Brian","Allen","brianallen@client.com","615-973-2025"
38,"Angela","Young","angelayoung@client.com","615-973-2026"
39,"Kevin","King","kevin king@client.com","615-973-2027"
40,"Laura","Wright","laurawrightclient.com","615-973-2028"
41,"Jason","Scott","jasonscott@client.com","615-973-2029"
42,"Sarah","Green","sarahgreen@client.com","615-973-2030"
43,"Linda","Lopez","lindalopez@client.com","615-973-2012"
44,"Linda","Lopez","lindalopez@client.com","615-973-2012"
45,"Brandon","Adams","brandonadams@client.com","615-973-2031"
46,"Megan","Baker","meganbaker@client.com","615-973-2032"
47,"Justin","Nelson","justinnelson@client.com","615-973-2033"
48,"Amy","Carter","amycarter@client.com","615-973-2034"
49,"Ryan","Mitchell","ryanmitchell@client.com","615-973-2035"
50,"Rachel","Perez","rachelperez@client.com","615-973-2036"
51,"Tyler","Roberts","tylerroberts@client.com ","615-973-2037"
52,"Aaron","Turner"," aaronturner@client.com","615-973-2038"
53,"Henry","Phillips","henryphillips@client.com","615-973-2039"
54,"Sophia","Campbell","sophiacampbell@client.com","615-973-2040"
55,"Logan","Parker","loganparker@client.com","615-973-2041"
56,"Chloe","Evans","chloeevans@client.com","615-973-2042"
57,"Noah","Edwards","noahedwards@client.com","615-973-2043"
58,"Lily","Collins","lilycollins@client.com","615-973-2044"
59,"Ethan","Stewart","ethanstewart@client.com","615-973-2045"
60,"Grace","Sanchez","gracesanchez@client.com","615-973-2046"
61,"Lucas","Morris","lucasmorris@client.com","615-973-2047"
62,"Zoe","Rogers","zoerogers@client.com","615-973-2048"
63,"Mason","Reed","masonreed@client.com","615-973-2049"
64,"Ella","Cook","ellacook@client.com","615-973-2050"
65,"Brandon","Lee","brandonlee@client.com","615-973-2051"
66,"Samantha","Cole","samanthacole@client.com","615-973-2052"
67,"Tyrese","Harris","tyreseharris@client.com","615-973-2053"
68,"Olivia","Brooks","oliviabrooks@client.com","615-973-2054"
69,"Dylan","Reed","dylanreedclient.com","615-973-2055"
70,"Chloe","Ward","chloeward@client","615-973-2056"
71,"Evan","Price","evanprice@client.com","615-973-2057"
72,"Grace","Bennett","gracebennett@client.com","615-973-2058"
73,"Isaiah","Flores","isaiahflores@client.com","615-973-2059"
74,"Mia","Powell","miapowell@client.com","615-973-2060"
75,"Noah","Long","noahlong@client.com","615-973-2061"
76,"Ella","Patterson","ellapatterson@client.com","615-973-2062"
77,"Lucas","Hughes","lucashughes@client.com","615-973-2063"
78,"Zoe","Washington","zoewashingtonclient.com","615-973-2064"
79,"Caleb","Butler","calebbutler@client.com","615-973-2065"
80,"Lily","Simmons","lilysimmons@client.com","615-973-2066"
81,"Owen","Foster","owenfoster@client.com","615-973-2067"
82,"Avery","Graham","averygraham@client.com","615-973-2068"
83,"Elijah","Hamilton","elijahhamilton@client.com","615-973-2069"
84,"Harper","Jenkins","harperjenkins@client.com","615-973-2070"
85,"Sebastian","Kelley","sebastiankelley@client.com","615-973-2071"
86,"Abigail","Lawson","abigaillawson@client.com","615-973-2072"
87,"Benjamin","Matthews","benjaminmatthews@client.com","615-973-2073"
88,"Emily","Norris","emilynorris@client.com","615-973-2074"
89,"Alexander","Owens","alexanderowens@client.com","615-973-2075"
90,"Madison","Peters","madisonpeters@client.com","615-973-2076"
91,"Jackson","Quinn","jacksonquinn@client.com","615-973-2077"
92,"Aubrey","Reynolds","aubreyreynolds@client.com","615-973-2078"
93,"Carter","Simmons","cartersimmons@client.com","615-973-2079"
94,"Evelyn","Turner","evelynturner@client.com","615-973-2080"
95,"Wyatt","Underwood","wyattunderwood@client.com","615-973-2081"
96,"Scarlett","Vargas","scarlettvargas@client.com","615-973-2082"
97,"Jayden","Watson","jaydenwatson@client.com","615-973-2083"
98,"Victoria","Xu","victoriaxu@client.com","615-973-2084"
99,"Levi","Young","leviyoung@client.com","615-973-2085"
100,"Hannah","Zimmerman","hannahzimmerman@client.com","615-973-2086"
101,"Eli","Cruz","elicruz@client.com","615-973-2087"
102,"Nora","Diaz","noradiaz@client.com","615-973-2088"
103,"Calvin","Hayes","calvinhayes@client.com","615-973-2089"
104,"Paige","Stone","paigestone@client.com ","615-973-2090"
105,"Victor","Barnett","victorbarnettclient.com","615-973-2091"
106,"Luke","Hudson","lukehudson@client","615-973-2092"
107,"Omar","Fields","omarfields@client.com","INVALID"
108,"Tina","Carr","tinacarr@client.com","INVALID"
109,"Miles","Bishop","milesbishop@client.com","615-973-2094"
110,"Zoey","Caldwell","zoeycaldwell@client.com","615-973-2095"
111,"Travis","Fleming","travisfleming@client.com","615-973-2096"
112,"Lena","Horton","lenahorton@client.com","615-973-2097"
113,"Colin","Greer","colingreer@client.com","615-973-2098"
114,"Ivy","Maddox","ivymaddoxclient.com","615-973-2099"
115,"Derek","Phelps","derekphelps@client.com","INVALID"
116,"Alicia","Sharp","Missing","615-973-2100"
117,"Noel","Rivers","noelrivers@client.com","615-973-2101"
118,"Jade","Barber","jadebarber@client.com","615-973-2102"
119,"Trevor","Hogan","trevorhogan@client.com","615-973-2103"
120,"Marie","Cross","mariecross@client.com","615-973-2104"
121,"Quentin","Wolf","quentinwolf@client.com","615-973-2105"
122,"Bella","Casey","bellacasey@client.com","615-973-2106"
123,"Shawn","Fry","shawnfry@client.com","615-973-2107"
124,"Daisy","Hess","daisyhess@client.com","615-973-2108"
125,"Ralph","Nash","ralphnash@client.com","615-973-2109"
126,"Gina","Vance","ginavance@client.com","615-973-2110"
127,"Curtis","Sloan","curtissloan@client.com","615-973-2111"
128,"Monica","Pace","monicapace@client.com","615-973-2112"
129,"Leon","York","leonyork@client.com","615-973-2113"
130,"Tanya","Boone","tanyaboone@client.com","615-973-2114"
131,"Wade","Kerr","wadekerr@client.com","615-973-2115"
132,"Faith","Rowe","faithrowe@client.com","615-973-2116"
133,"Jared","Miles","jaredmiles@client.com","615-973-2117"
134,"Kayla","Brooks","kaylabrooks@client.com ","615-973-2118"
135,"Trent","Foster","trentfosterclient.com","INVALID"
