"client_id","first_name","last_name","email_address","phone_number"
1,"NASH","RUST","NASHRUST@YAHOO.COM","6159731982"
2,"YARED","BUTNER","YAREDBUTNER@YAHOO.COM","6159731983"
3,"Zelalem","MEkonnen","ZELALEMMEkonnen@CLIENT.COM","6159731986"
4,"bethlehem",NULL,"bethlehem@CLIENT.COM","6159731988"
5,"MICHAEL","JONES","MICHAELJONES@CLIENT.COM","6159731989"
6,"michael","marty","michaelmarty@clients.com","6159731990"
7,"ASFAW","PUTTY","ASFAWPUTTY@CLIENT.COM","6159731991"
8,"john","smith","JOHNSMITH@CLIENT.COM","6159732001"
9,"JANE","smith","janesmith@client.com","615-973-2002"
10,"michael","JOHNSON","MICHAELJOHNSON@CLIENT.COM","615.973.2003"
11,"emily","davis","emilydavis@CLIENT.com","6159732004"
12,"Chris","brown","CHRISBROWN@client.COM","6159732005"
13,"ashley","MILLER","ashleymiller@client.com","615 973 2006"
14,"daniel","wilson","DANIELWILSON@CLIENT.COM","6159732007"
15,"Jessica","Moore","jessicamoore@client.com","6159732008"
16,"matthew","taylor","MATTHEWTAYLOR@CLIENT.COM","615-973-2009"
17,"amanda","anderson","amandaanderson@client.com","6159732010"
18,"david","thomas","DAVIDTHOMAS@CLIENT.COM","6159732011"
19,"sarah","jackson","sarahjackson@client.com","6159732012"
20,"james","white","JAMESWHITE@CLIENT.COM","6159732013"
21,"linda","harris","lindaharris@client.com","6159732014"
22,"robert","martin","ROBERTMARTIN@CLIENT.COM","6159732015"
23,"john","smith","johnsmith@client.com","6159732001"
24,"John","Smith","JOHNSMITH@CLIENT.COM","6159732001"
25,"Daniel","Thomas","danielthomasclient.com","6159732016"
26,"Karen","Taylor","karentaylor@client","6159732017"
27,"Steven","Moore","STEVE MOORE@CLIENT.COM","abc123"
28,"Donna","Jackson","donnajackson@client.com","0000000000"
29," Mark","White "," markwhite@client.com ","615-973-2018"
30,"Nancy","Harris","nancyharris@client.com"," 6159732019"
31,"Betty",NULL,"betty@client.com","6159732020"
32,NULL,"Clark","clark@client.com","6159732021"
33,"George","Lewis",NULL,"6159732022"
34,"Helen","Lee","helenlee@client.com",NULL
35,"Edward","Walker","EDWARDWALKER@CLIENT.COM","6159732023"
36,"Susan","Hall","susanhall@client.com","6159732024"
37,"Brian","Allen","BRIANALLEN@CLIENT.COM","6159732025"
38,"Angela","Young","angelayoung@client.com","6159732026"
39,"Kevin","King","kevin king@client.com","6159732027"
40,"Laura","Wright","laurawrightclient.com","6159732028"
41,"Jason","Scott","JASONSCOTT@CLIENT.COM","6159732029"
42,"Sarah","Green","sarahgreen@client.com","6159732030"
43,"Linda","Lopez","lindalopez@client.com","6159732012"
44,"LINDA","LOPEZ","LINDALOPEZ@CLIENT.COM","6159732012"
45,"Brandon","Adams","brandonadams@client.com","6159732031"
46,"Megan","Baker","meganbaker@client.com","6159732032"
47,"Justin","Nelson","JUSTINNELSON@CLIENT.COM","6159732033"
48,"Amy","Carter","amycarter@client.com","6159732034"
49,"Ryan","Mitchell","RYANMITCHELL@CLIENT.COM","6159732035"
50,"Rachel","Perez","rachelperez@client.com","6159732036"
51,"Tyler","Roberts","tylerroberts@client.com ","6159732037"
52,"Aaron","Turner"," aaronturner@client.com","6159732038"
53,"Henry","Phillips","henryphillips@client.com","615-973-2039"
54,"Sophia","Campbell","SOPHIACAMPBELL@CLIENT.COM","615.973.2040"
55,"Logan","Parker","loganparker@client.com","6159732041"
56,"Chloe","Evans","chloeevans@client.com","6159732042"
57,"Noah","Edwards","NOAHEDWARDS@CLIENT.COM","6159732043"
58,"Lily","Collins","lilycollins@client.com","6159732044"
59,"Ethan","Stewart","ethanstewart@client.com","6159732045"
60,"Grace","Sanchez","gracesanchez@client.com","6159732046"
61,"Lucas","Morris","lucasmorris@client.com","6159732047"
62,"Zoe","Rogers","zoerogers@client.com","6159732048"
63,"Mason","Reed","masonreed@client.com","6159732049"
64,"Ella","Cook","ellacook@client.com","6159732050"
65,"Brandon","Lee","BRANDONLEE@CLIENT.COM","6159732051"
66,"Samantha","Cole","samanthacole@client.com","6159732052"
67,"Tyrese","Harris","TYRESEHARRIS@CLIENT.COM","6159732053"
68,"Olivia","Brooks","oliviabrooks@client.com","6159732054"
69,"Dylan","Reed","dylanreedclient.com","6159732055"
70,"Chloe","Ward","chloeward@client","6159732056"
71,"Evan","Price","EVANPRICE@CLIENT.COM","6159732057"
72,"Grace","Bennett","gracebennett@client.com","6159732058"
73,"Isaiah","Flores","ISAIAHFLORES@CLIENT.COM","6159732059"
74,"Mia","Powell","miapowell@client.com","6159732060"
75,"Noah","Long","NOAHLONG@CLIENT.COM","6159732061"
76,"Ella","Patterson","ellapatterson@client.com","6159732062"
77,"Lucas","Hughes","lucashughes@CLIENT.COM","6159732063"
78,"Zoe","Washington","zoewashingtonclient.com","6159732064"
79,"Caleb","Butler","CALEBBUTLER@CLIENT.COM","6159732065"
80,"Lily","Simmons","lilysimmons@client.com","6159732066"
81,"Owen","Foster","owenfoster@client.com","6159732067"
82,"Avery","Graham","averygraham@client.com","6159732068"
83,"Elijah","Hamilton","ELIJAHHAMILTON@CLIENT.COM","6159732069"
84,"Harper","Jenkins","harperjenkins@client.com","6159732070"
85,"Sebastian","Kelley","sebastiankelley@client.com","6159732071"
86,"Abigail","Lawson","abigaillawson@client.com","6159732072"
87,"Benjamin","Matthews","benjaminmatthews@client.com","6159732073"
88,"Emily","Norris","emilynorris@client.com","6159732074"
89,"Alexander","Owens","alexanderowens@client.com","6159732075"
90,"Madison","Peters","madisonpeters@client.com","6159732076"
91,"Jackson","Quinn","jacksonquinn@client.com","6159732077"
92,"Aubrey","Reynolds","aubreyreynolds@client.com","6159732078"
93,"Carter","Simmons","cartersimmons@client.com","6159732079"
94,"Evelyn","Turner","evelynturner@client.com","6159732080"
95,"Wyatt","Underwood","wyattunderwood@client.com","6159732081"
96,"Scarlett","Vargas","scarlettvargas@client.com","6159732082"
97,"Jayden","Watson","jaydenwatson@client.com","6159732083"
98,"Victoria","Xu","victoriaxu@client.com","6159732084"
99,"Levi","Young","leviyoung@client.com","6159732085"
100,"Hannah","Zimmerman","hannahzimmerman@client.com","6159732086"
101,"Eli","Cruz","ELICRUZ@CLIENT.COM","6159732087"
102,"nora","Diaz","noradiaz@client.com","615-973-2088"
103,"Calvin","Hayes","calvinhayes@client.com","615.973.2089"
104,"paige","Stone","paigestone@client.com ","6159732090"
105,"Victor","Barnett","victorbarnettclient.com","6159732091"
106,"luke","Hudson","lukehudson@client","6159732092"
107,"Omar","Fields","OMARFIELDS@CLIENT.COM","abc2093"
108,"tina","Carr","tinacarr@client.com","0000000000"
109,"Miles","Bishop","MILESBISHOP@CLIENT.COM","6159732094"
110,"zoey","Caldwell","zoeycaldwell@client.com"," 6159732095"
111,"Travis","Fleming","TRAVISFLEMING@CLIENT.COM","615-973-2096"
112,"lena","Horton","lenahorton@client.com","6159732097"
113,"Colin","Greer","colingreer@CLIENT.COM","6159732098"
114,"ivy","Maddox","ivymaddoxclient.com","6159732099"
115,"Derek","Phelps","DEREKPHELPS@CLIENT.COM",NULL
116,"alicia","Sharp",NULL,"6159732100"
117,"Noel","Rivers","noelrivers@client.com","6159732101"
118,"jade","Barber","jadebarber@client.com","6159732102"
119,"Trevor","Hogan","TREVORHOGAN@CLIENT.COM","6159732103"
120,"marie","Cross","mariecross@client.com","6159732104"
121,"Quentin","Wolf","quentinwolf@client.com","6159732105"
122,"bella","Casey","bellacasey@client.com","6159732106"
123,"Shawn","Fry","SHAWNFRY@CLIENT.COM","6159732107"
124,"daisy","Hess","daisyhess@client.com","6159732108"
125,"Ralph","Nash","RALPHNASH@CLIENT.COM","6159732109"
126,"gina","Vance","ginavance@client.com","6159732110"
127,"Curtis","Sloan","curtissloan@client.com","6159732111"
128,"monica","Pace","monicapace@client.com","6159732112"
129,"Leon","York","LEONYORK@CLIENT.COM","6159732113"
130,"tanya","Boone","tanyaboone@client.com","6159732114"
131,"Wade","Kerr","wadekerr@client.com","6159732115"
132,"faith","Rowe","faithrowe@client.com","6159732116"
133,"Jared","Miles","JAREDMILES@CLIENT.COM","6159732117"
134,"kayla","Brooks","kaylabrooks@client.com ","615-973-2118"
135,"trent","Foster","trentfosterclient.com","abc2119"
